date,open,high,low,close,adj close,volume
2020-12-21,62.400002,62.770000,58.560001,59.584999,53.549206,190766540
2020-12-22,59.599998,61.044998,58.500000,60.134998,54.043491,188468790
2020-12-23,59.900002,62.419998,59.630001,62.139999,55.845394,122383430
2020-12-24,62.529999,63.695000,61.924999,62.230000,55.926277,120907400
2020-12-28,62.825001,63.535000,62.660000,63.264999,56.856438,104805170
2020-12-29,63.785000,63.965000,62.105000,63.220001,56.815998,104163260
2020-12-30,63.294998,64.394997,62.404999,64.044998,57.557423,115144280
2020-12-31,63.654999,65.349998,63.654999,64.364998,57.845009,177130120
2021-01-01,64.500000,64.970001,64.000000,64.309998,57.795578,84113960
2021-01-04,64.900002,69.989998,64.644997,69.300003,62.280109,381849550
2021-01-05,68.699997,69.385002,67.510002,68.055000,61.161221,215452540
2021-01-06,68.400002,69.665001,67.500000,68.379997,61.453300,196105220
2021-01-07,69.300003,73.150002,69.169998,72.279999,64.958244,382321940
2021-01-08,72.699997,72.724998,70.309998,71.315002,64.091003,193293130
2021-01-11,71.199997,71.199997,68.820000,69.565002,62.518269,170245090
2021-01-12,69.500000,72.449997,69.110001,69.489998,62.450859,245254840
2021-01-13,70.144997,71.455002,69.300003,70.915001,63.731514,193538710
2021-01-14,71.000000,71.445000,69.709999,70.635002,63.479881,115408580
2021-01-15,71.199997,72.150002,69.764999,70.589996,63.439430,206884370
2021-01-18,70.800003,70.875000,65.949997,66.669998,59.916519,250452260
2021-01-19,67.199997,68.394997,64.699997,68.110001,61.210648,312451180
2021-01-20,69.014999,69.949997,68.260002,69.014999,62.023975,233131500
2021-01-21,69.099998,69.474998,66.160004,66.669998,59.916519,161178670
2021-01-22,67.000000,67.580002,63.365002,64.699997,58.146072,237156650
2021-01-25,65.099998,66.184998,63.099998,65.195000,58.590935,163484730
2021-01-27,65.089996,65.114998,62.380001,62.599998,56.258801,149180840
2021-01-28,61.799999,63.060001,61.259998,62.369999,56.052094,170917520
2021-01-29,63.005001,63.380001,59.599998,60.099998,54.012039,268265750
2021-02-01,60.490002,64.000000,59.744999,63.610001,57.166489,210846940
2021-02-02,64.300003,64.800003,62.410000,64.165001,57.665272,180489570
2021-02-03,64.489998,66.430000,63.724998,65.315002,58.698784,148463810
2021-02-04,65.400002,66.349998,63.860001,65.595001,58.950417,147649950
2021-02-05,65.690002,69.059998,65.139999,68.504997,61.565639,291008880
2021-02-08,69.400002,70.489998,68.269997,70.294998,63.174313,214621690
2021-02-09,70.650002,71.644997,69.160004,69.919998,62.837303,293370280
2021-02-10,71.000000,72.449997,68.004997,69.025002,62.032967,573979190
2021-02-11,68.760002,70.459999,68.285004,69.470001,62.432888,163407050
2021-02-12,69.500000,69.790001,67.849998,68.050003,61.156734,147054790
2021-02-15,68.709999,68.800003,67.000000,67.214996,60.406311,131716720
2021-02-16,67.214996,70.860001,66.830002,69.919998,62.837303,336618380
2021-02-17,69.764999,70.349998,68.750000,69.680000,62.621616,159574830
2021-02-18,70.000000,71.099998,69.400002,69.775002,62.706993,148561470
2021-02-19,69.599998,69.599998,65.595001,67.070000,60.276001,223923860
2021-02-22,67.290001,69.790001,67.084999,68.455002,61.520706,281491090
2021-02-23,68.959999,73.599998,68.220001,72.930000,65.542397,389070710
2021-02-24,73.500000,74.500000,72.000000,72.769997,65.398605,216767890
2021-02-25,73.519997,75.300003,73.195000,74.290001,66.764633,219015960
2021-02-26,72.500000,74.160004,71.110001,71.514999,64.270729,235515910
2021-03-01,72.400002,73.824997,71.135002,73.040001,65.641258,140586460
2021-03-02,73.044998,73.974998,72.315002,73.550003,66.099602,111133990
2021-03-03,74.099998,78.250000,74.099998,77.714996,69.842690,288428350
2021-03-04,75.099998,76.690002,74.364998,75.794998,68.117180,228738220
2021-03-05,74.849998,75.599998,72.699997,73.330002,65.901886,168819600
2021-03-08,74.394997,75.120003,73.504997,73.724998,66.256874,106145960
2021-03-09,74.500000,75.095001,70.224998,70.675003,63.515827,195564380
2021-03-10,71.489998,72.995003,70.305000,72.449997,65.111023,196858600
2021-03-12,74.000000,74.500000,71.400002,71.995003,64.702118,161214090
2021-03-15,72.199997,73.900002,71.504997,73.639999,66.180481,155429990
2021-03-16,74.010002,74.010002,71.919998,72.404999,65.070580,125699980
2021-03-17,72.495003,72.599998,70.065002,70.440002,63.304634,105409590
2021-03-18,71.625000,72.290001,69.830002,70.485001,63.345074,143206510
2021-03-19,70.275002,73.675003,68.125000,73.300003,65.874916,246378140
2021-03-22,73.110001,74.565002,72.500000,74.349998,66.818558,137603700
2021-03-23,74.599998,74.945000,73.330002,74.114998,66.607361,118738960
2021-03-24,73.099998,73.300003,69.894997,70.279999,63.160843,210302830
2021-03-25,71.010002,73.070000,68.834999,72.315002,64.989700,367224000
2021-03-26,73.040001,77.489998,72.519997,76.684998,68.917023,429122470
2021-03-30,78.000000,81.000000,77.790001,80.000000,71.896225,284794680
2021-03-31,79.400002,82.349998,79.010002,81.184998,72.961197,280445850
2021-04-01,82.099998,86.889999,81.900002,86.305000,77.562553,368420980
2021-04-05,86.199997,87.785004,83.714996,86.775002,77.984940,305759860
2021-04-06,87.550003,88.250000,85.815002,86.285004,77.544586,207789200
2021-04-07,86.949997,88.500000,86.464996,87.485001,78.623024,171132080
2021-04-08,88.400002,95.364998,88.269997,91.839996,82.536873,530630560
2021-04-09,92.099998,93.000000,88.570000,89.949997,80.838326,321790690
2021-04-12,87.654999,89.320000,84.334999,85.154999,76.529045,221355040
2021-04-13,86.199997,88.160004,84.900002,87.900002,78.995987,204285020
2021-04-15,89.199997,91.150002,87.949997,89.820000,80.721489,218563570
2021-04-16,90.379997,91.440002,88.625000,89.025002,80.007027,173985980
2021-04-19,86.980003,89.900002,86.000000,88.805000,79.809311,191469960
2021-04-20,90.000000,90.574997,88.199997,89.400002,80.344040,169152930
2021-04-22,89.995003,93.864998,89.705002,92.139999,82.806480,319028150
2021-04-23,92.980003,94.500000,91.074997,92.559998,83.183937,247523860
2021-04-26,93.500000,95.599998,93.004997,94.074997,84.545471,212348580
2021-04-27,94.830002,98.300003,94.430000,97.775002,87.870682,249045150
2021-04-28,98.500000,98.599998,96.199997,97.139999,87.299988,204479680
2021-04-29,98.300003,103.695000,98.300003,103.135002,92.687714,447186470
2021-04-30,102.400002,105.260002,101.110001,103.400002,92.925880,281297380
2021-05-03,103.195000,106.900002,101.849998,106.474998,95.689392,264841000
2021-05-04,107.445000,108.665001,105.754997,106.385002,95.608513,249616280
2021-05-05,108.400002,108.834999,104.699997,107.014999,96.174690,192498390
2021-05-06,105.500000,112.900002,104.250000,110.089996,98.938194,464345370
2021-05-07,113.500000,119.199997,113.010002,118.235001,106.258133,540754330
2021-05-10,121.000000,122.900002,120.000000,121.635002,109.313728,280808840
2021-05-11,119.000000,124.599998,117.690002,123.389999,110.890945,411083810
2021-05-12,123.195000,124.684998,116.324997,117.915001,105.970551,308891920
2021-05-14,118.500000,118.500000,111.519997,113.209999,101.742149,376480320
2021-05-17,113.800003,115.820000,110.349998,115.084999,103.427216,287534300
2021-05-18,117.500000,119.644997,115.705002,118.000000,106.046936,245738800
2021-05-19,117.300003,118.955002,115.800003,116.425003,104.631477,174350260
2021-05-20,113.110001,113.550003,109.805000,110.504997,99.311157,284462530
2021-05-21,111.400002,112.389999,110.584999,111.309998,100.034615,141049260
2021-05-24,110.800003,110.894997,108.209999,109.199997,98.138359,189238420
2021-05-25,110.195000,112.595001,110.000000,110.519997,99.324638,181137520
2021-05-26,109.050003,109.400002,107.250000,108.214996,97.253120,154327030
2021-05-27,108.214996,110.974998,107.500000,109.665001,98.556252,227910320
2021-05-28,113.099998,114.360001,109.745003,110.349998,99.171860,192085810
2021-05-31,111.199997,112.964996,109.900002,112.565002,101.162483,154286470
2021-06-01,112.000000,112.300003,108.550003,110.089996,98.938194,176909250
2021-06-02,110.500000,112.980003,110.400002,112.404999,101.018692,128625910
2021-06-03,112.955002,113.974998,111.300003,112.199997,100.834450,121094770
2021-06-04,111.599998,112.879997,110.699997,112.070000,100.717628,97133470
2021-06-07,113.000000,115.000000,112.555000,112.870003,101.436592,122185920
2021-06-08,113.269997,113.269997,110.004997,111.110001,99.854881,108343730
2021-06-09,111.699997,112.800003,109.394997,110.099998,98.947182,111143380
2021-06-10,110.930000,112.580002,110.290001,111.445000,100.155945,77767640
2021-06-11,112.779999,116.459999,111.309998,115.834999,104.101250,174458560
2021-06-14,116.800003,117.864998,114.000000,116.480003,104.680908,160312640
2021-06-15,117.000000,118.680000,116.010002,117.430000,105.534683,97681020
2021-06-16,116.900002,118.474998,113.165001,114.214996,102.645348,175211070
2021-06-17,111.894997,113.379997,109.565002,110.375000,101.414139,162076870
2021-06-18,110.500000,110.989998,105.025002,109.230003,100.362099,403470770
2021-06-21,107.000000,110.900002,106.364998,110.614998,101.634651,130014320
2021-06-22,111.419998,113.099998,110.650002,111.230003,102.199730,90246340
2021-06-23,112.050003,112.754997,109.785004,110.010002,101.078773,78063360
2021-06-24,110.500000,112.050003,109.845001,111.315002,102.277824,72394700
2021-06-25,113.500000,117.000000,113.000000,116.525002,107.064850,180227700
2021-06-28,117.400002,118.900002,116.300003,118.400002,108.787621,116603350
2021-06-29,118.449997,119.199997,116.555000,117.254997,107.735580,78037590
2021-06-30,118.105003,119.099998,116.279999,116.660004,107.188889,80432670
2021-07-01,117.190002,117.680000,115.644997,116.355003,106.908646,56149280
2021-07-02,116.599998,116.680000,113.019997,113.599998,104.377319,75734070
2021-07-05,114.599998,116.180000,113.599998,115.684998,106.293037,76799000
2021-07-06,115.864998,117.800003,115.025002,116.724998,107.248611,91468350
2021-07-07,116.794998,122.500000,115.849998,121.864998,111.971313,167456260
2021-07-08,122.500000,123.000000,118.120003,118.974998,109.315941,124105850
2021-07-09,119.199997,124.410004,118.800003,123.934998,113.873253,178593560
2021-07-12,125.099998,125.849998,121.834999,122.695000,112.733925,166477750
2021-07-13,123.800003,124.345001,122.309998,122.875000,112.899323,79155280
2021-07-14,123.195000,124.769997,121.900002,124.470001,114.364830,83413880
2021-07-15,124.610001,126.580002,123.769997,125.595001,115.398491,96555510
2021-07-16,126.470001,128.130005,125.904999,127.845001,117.465828,84969250
2021-07-19,125.900002,129.089996,125.370003,126.639999,116.358650,89046290
2021-07-20,127.199997,127.230003,122.500000,123.334999,113.321968,85799400
2021-07-22,124.900002,127.794998,124.800003,127.300003,116.965073,78940240
2021-07-23,127.934998,129.550003,127.400002,128.139999,117.736877,86418650
2021-07-26,128.899994,130.824997,127.805000,129.794998,119.257515,86784330
2021-07-27,131.500000,133.449997,130.804993,133.065002,122.262032,103413820
2021-07-28,133.199997,136.994995,130.619995,136.500000,125.418159,128351250
2021-07-29,137.500000,148.179993,136.800003,145.860001,134.018265,300610410
2021-07-30,145.565002,147.270004,142.779999,143.429993,131.785538,140492650
2021-08-02,144.600006,144.699997,140.550003,141.005005,129.557434,97689200
2021-08-03,141.399994,142.085007,139.035004,140.720001,129.295563,86405600
2021-08-04,142.000000,144.800003,140.509995,141.619995,130.122498,112894350
2021-08-05,141.529999,145.000000,138.750000,144.660004,132.915695,162217990
2021-08-06,144.899994,145.699997,142.600006,142.884995,131.284790,96740250
2021-08-09,143.399994,144.324997,140.539993,141.220001,129.754959,78594930
2021-08-10,141.199997,141.800003,136.720001,137.360001,126.208344,84516230
2021-08-11,139.000000,142.970001,138.419998,142.619995,131.041306,145353570
2021-08-12,143.600006,144.470001,141.654999,143.535004,131.882019,109431080
2021-08-13,140.500000,147.660004,139.065002,146.164993,134.298492,289698720
2021-08-16,148.399994,153.449997,147.220001,151.940002,139.604660,271144880
2021-08-17,151.940002,153.399994,149.175003,150.369995,138.162109,189709230
2021-08-18,150.945007,151.889999,148.820007,150.044998,137.863510,123317450
2021-08-20,144.505005,144.699997,136.279999,137.559998,126.392113,273400690
2021-08-23,140.199997,140.979996,131.074997,135.865005,124.834724,229257290
2021-08-24,138.199997,142.000000,137.699997,140.464996,129.061249,176075790
2021-08-25,141.800003,142.600006,138.074997,139.020004,127.733574,125650100
2021-08-26,139.039993,139.475006,136.500000,137.505005,126.341583,91578980
2021-08-27,137.899994,139.445007,137.585007,138.414993,127.177689,73940810
2021-08-30,139.899994,144.500000,139.800003,144.059998,132.364395,134443870
2021-08-31,144.500000,145.899994,143.199997,145.024994,133.251053,247521080
2021-09-01,145.125000,145.550003,140.699997,141.119995,129.663086,88128970
2021-09-02,141.100006,143.199997,141.000000,142.509995,130.940231,61480460
2021-09-03,142.800003,145.294998,141.645004,144.365005,132.644638,84523820
2021-09-06,144.699997,145.195007,142.315002,143.699997,132.033615,69586760
2021-09-07,144.399994,145.899994,142.065002,142.869995,131.271011,63527170
2021-09-08,142.600006,144.264999,141.860001,142.985001,131.376663,46762240
2021-09-09,142.000000,145.195007,142.000000,144.699997,132.952438,53130300
2021-09-13,144.699997,147.199997,143.649994,146.345001,134.463898,56702080
2021-09-14,147.600006,147.600006,144.899994,145.229996,133.439407,55037670
2021-09-15,145.229996,146.369995,144.440002,145.509995,133.696671,44174640
2021-09-16,146.000000,147.190002,143.125000,143.675003,132.010651,56067970
2021-09-17,143.699997,144.029999,136.000000,138.589996,127.338478,195720300
2021-09-20,135.000000,135.190002,124.735001,125.309998,115.136627,282384120
2021-09-21,125.800003,129.690002,123.290001,129.220001,118.729195,255935400
2021-09-22,129.940002,131.800003,128.309998,130.580002,119.978783,111242470
2021-09-23,133.000000,133.945007,130.604996,131.869995,121.164055,99462510
2021-09-24,132.000000,132.399994,125.845001,127.209999,116.882378,132866160
2021-09-27,127.199997,128.869995,126.105003,127.050003,116.735374,86688770
2021-09-28,127.345001,129.679993,126.300003,128.095001,117.695526,81007360
2021-09-29,127.000000,130.979996,126.720001,129.554993,119.036987,94945770
2021-09-30,130.300003,131.639999,128.384995,128.889999,118.425987,75145680
2021-10-01,127.500000,131.100006,126.500000,129.785004,119.248329,90374700
2021-10-04,129.785004,132.774994,128.039993,132.414993,121.664803,96902370
2021-10-05,131.399994,133.270004,131.014999,131.684998,120.994072,57952160
2021-10-06,131.990005,132.860001,127.315002,127.989998,117.599045,86316930
2021-10-07,129.500000,130.679993,128.354996,128.919998,118.453552,46033670
2021-10-08,130.199997,134.404999,129.634995,130.115005,119.551537,107220150
2021-10-11,130.500000,132.735001,129.800003,131.320007,120.658714,63496580
2021-10-12,131.320007,133.500000,130.500000,132.910004,122.119629,60970190
2021-10-13,132.550003,137.654999,131.804993,135.429993,124.435028,132857180
2021-10-14,137.399994,139.059998,135.399994,137.505005,126.341583,82273710
2021-10-18,141.800003,142.475006,139.110001,141.104996,129.649307,109232300
2021-10-19,142.100006,142.654999,135.755005,136.690002,125.592743,87569240
2021-10-20,137.199997,137.600006,132.664993,134.330002,123.424332,69757740
2021-10-21,135.669998,135.785004,128.970001,131.470001,120.796532,83575730
2021-10-22,132.000000,132.464996,127.099998,129.625000,119.101311,80712890
2021-10-25,130.199997,131.600006,126.724998,129.330002,118.830269,64185010
2021-10-26,130.300003,135.100006,130.145004,134.365005,123.456505,77228750
2021-10-27,134.600006,135.169998,132.125000,132.615005,121.848579,72418040
2021-10-28,131.490005,131.595001,129.110001,129.960007,119.409119,93076820
2021-10-29,129.024994,133.369995,129.000000,131.595001,120.911385,79147600
2021-11-01,134.000000,137.289993,133.000000,136.490005,125.408981,96875330
2021-11-02,137.000000,137.000000,131.080002,131.365005,120.700058,72161370
2021-11-03,132.479996,133.199997,131.199997,132.604996,121.839371,57302440
2021-11-04,133.100006,133.500000,132.410004,132.589996,121.825592,6744340
2021-11-08,134.089996,134.764999,130.610001,134.324997,123.419746,54936670
2021-11-09,134.285004,136.029999,132.884995,133.595001,122.749016,47565160
2021-11-10,132.800003,132.899994,128.710007,129.854996,119.312637,118804170
2021-11-11,130.490005,132.449997,128.835007,129.960007,119.409119,136638600
2021-11-12,134.000000,134.000000,127.110001,128.725006,118.274384,232395580
2021-11-15,129.500000,129.899994,124.150002,124.544998,114.433731,121082150
2021-11-16,124.544998,126.105003,122.370003,122.879997,112.903908,123148800
2021-11-17,122.500000,123.739998,121.510002,122.004997,112.099945,87802040
2021-11-18,122.360001,122.830002,118.199997,118.660004,109.026520,101083510
2021-11-22,118.809998,119.680000,114.599998,116.504997,107.046471,96210010
2021-11-23,116.805000,120.900002,116.514999,119.205002,109.527267,93829630
2021-11-24,120.040001,120.294998,117.114998,117.849998,108.282272,67671010
2021-11-25,118.000000,118.660004,116.599998,117.364998,107.836647,47502860
2021-11-26,115.790001,115.949997,110.625000,111.230003,102.199730,106455260
2021-11-29,111.230003,113.699997,107.504997,111.474998,102.424835,93929910
2021-11-30,111.095001,112.790001,106.300003,107.120003,98.423401,133559840
2021-12-01,109.199997,109.699997,106.650002,108.254997,99.466255,93791140
2021-12-02,108.300003,111.599998,107.400002,111.239998,102.208908,91286810
2021-12-03,111.500000,113.419998,110.224998,111.800003,102.723457,100737840
2021-12-06,111.400002,114.099998,110.220001,110.879997,101.878136,82159400
2021-12-07,112.110001,115.555000,112.099998,114.879997,105.553398,85053900
2021-12-08,115.900002,117.699997,114.900002,117.300003,107.776924,74485010
2021-12-09,118.199997,118.199997,115.900002,117.684998,108.130669,52123940
2021-12-10,117.345001,118.889999,116.760002,118.000000,108.420097,48121300
2021-12-13,118.800003,119.900002,116.165001,116.529999,107.069435,53537780
2021-12-14,115.894997,117.790001,114.699997,116.720001,107.244011,53522640
2021-12-15,117.004997,117.559998,114.900002,115.404999,106.035774,44308330
2021-12-16,116.400002,116.879997,114.355003,115.320000,105.957672,42460080
2021-12-17,115.400002,115.885002,112.500000,113.209999,104.018974,47435020
2021-12-20,111.699997,111.720001,106.605003,107.294998,98.584190,73526500
2021-12-21,109.000000,112.425003,108.500000,110.510002,101.538185,70268490
2021-12-22,111.500000,113.099998,111.000000,112.885002,103.720367,43669170
2021-12-23,113.800003,114.680000,112.019997,112.764999,103.610107,46214780
2021-12-24,113.004997,113.345001,110.385002,111.544998,102.489151,40936300
2021-12-27,111.105003,112.470001,110.235001,112.180000,103.072594,27588510
2021-12-28,112.699997,113.150002,112.199997,112.745003,103.591736,28807810
2021-12-29,112.000000,112.665001,110.800003,111.625000,102.562660,41935200
2021-12-30,111.790001,112.699997,109.900002,110.099998,101.161461,41140930
2021-12-31,110.500000,112.349998,110.264999,111.144997,102.121620,36870210
2022-01-03,111.500000,115.099998,111.500000,114.245003,104.969955,38658030
2022-01-04,115.300003,115.970001,113.650002,114.879997,105.553398,59757310
2022-01-05,114.699997,118.080002,114.125000,117.760002,108.199585,61861760
2022-01-06,117.199997,118.300003,115.555000,116.324997,106.881081,53354000
2022-01-07,116.519997,117.400002,114.785004,116.035004,106.614632,39738570
2022-01-10,116.500000,117.339996,115.385002,116.904999,107.413994,38225000
2022-01-11,115.864998,116.269997,111.300003,113.025002,103.848999,96978850
2022-01-12,113.985001,115.080002,113.239998,114.720001,105.406387,50358430
2022-01-13,115.400002,122.550003,115.214996,122.114998,112.201019,157231160
2022-01-14,121.300003,122.629997,120.610001,121.360001,111.507317,52679070
2022-01-17,121.500000,124.500000,119.035004,122.974998,112.991196,89696070
2022-01-18,123.000000,123.375000,119.000000,119.485001,109.784538,58408970
2022-01-19,119.599998,122.089996,118.300003,120.959999,111.139786,73043210
2022-01-20,121.010002,122.400002,119.699997,120.669998,110.873329,59205970
2022-01-21,120.000000,120.430000,115.635002,116.970001,107.473724,71662670
2022-01-24,116.000000,116.364998,109.000000,109.919998,100.996078,83920760
2022-01-25,109.470001,112.099998,108.705002,110.910004,101.905708,57330630
2022-01-27,109.000000,110.345001,106.129997,108.834999,99.999161,90566560
2022-01-28,110.584999,112.574997,108.095001,108.464996,99.659203,78648930
2022-01-31,110.989998,111.459999,108.050003,108.555000,99.741898,55709390
2022-02-01,110.489998,117.445000,108.639999,116.735001,107.257797,170752680
2022-02-02,117.989998,117.989998,115.830002,116.750000,107.271584,75247340
2022-02-03,115.300003,118.169998,114.629997,116.660004,107.188889,65140900
2022-02-04,117.379997,119.775002,117.025002,117.629997,108.080132,93174180
2022-02-07,116.830002,121.459999,116.099998,118.300003,108.695747,145105250
2022-02-08,119.500000,122.239998,117.150002,121.959999,112.058601,140839840
2022-02-09,123.099998,123.400002,120.815002,122.235001,112.311279,73520600
2022-02-10,123.000000,125.425003,122.599998,124.834999,114.700195,93920570
2022-02-11,123.900002,126.495003,123.309998,125.445000,115.260674,96762260
2022-02-14,122.010002,122.775002,118.010002,118.684998,109.049484,80216130
2022-02-15,119.684998,121.199997,115.154999,120.775002,110.969803,101889210
2022-02-16,121.500000,121.790001,118.650002,119.180000,109.504295,66092140
2022-02-17,120.110001,120.949997,118.614998,119.095001,109.426201,56557920
2022-02-18,118.699997,120.500000,118.300003,119.080002,109.412415,47251200
2022-02-21,118.800003,120.199997,117.440002,118.184998,108.590073,49787320
2022-02-22,115.800003,116.665001,111.925003,113.870003,104.625397,93858570
2022-02-23,114.800003,115.260002,113.400002,113.900002,104.652962,49608380
2022-02-24,109.400002,111.995003,106.709999,107.400002,98.680672,121268670
2022-02-25,109.769997,115.070000,109.559998,114.535004,105.236404,92128860
2022-02-28,113.400002,122.500000,112.919998,122.074997,112.164261,176054460
2022-03-02,122.074997,129.960007,121.855003,128.934998,118.467331,248475320
2022-03-03,130.600006,132.865005,129.365005,130.330002,119.749077,174503380
2022-03-04,130.240005,131.985001,127.300003,127.709999,117.341782,162829230
2022-03-07,127.589996,130.179993,126.400002,129.190002,118.701630,110400010
2022-03-08,129.300003,129.399994,124.400002,126.949997,116.643486,91078220
2022-03-09,127.389999,127.680000,124.860001,125.535004,115.343369,69348880
2022-03-10,125.785004,131.380005,124.099998,130.869995,120.245232,136740620
2022-03-11,131.500000,133.990005,129.619995,130.169998,119.602066,118822990
2022-03-14,130.500000,131.169998,127.769997,129.699997,119.170219,52780820
2022-03-15,129.179993,129.300003,122.800003,123.375000,113.358727,96143130
2022-03-16,124.500000,127.120003,124.019997,126.525002,116.252998,63024510
2022-03-17,127.500000,131.779999,127.110001,130.345001,119.762863,106239760
2022-03-21,130.800003,133.399994,129.449997,130.294998,119.716919,84227630
2022-03-22,132.000000,133.000000,128.804993,130.199997,119.629631,81795880
2022-03-23,132.399994,134.779999,129.235001,133.100006,122.294197,130552380
2022-03-24,133.095001,135.949997,132.595001,135.054993,124.090462,94605270
2022-03-25,135.490005,136.600006,133.354996,133.895004,123.024651,69457440
2022-03-28,134.000000,135.500000,132.759995,133.895004,123.024651,46554910
2022-03-29,134.399994,134.615005,132.699997,133.464996,122.629562,43202370
2022-03-30,133.500000,133.554993,130.000000,130.804993,120.185509,58483160
2022-03-31,130.800003,132.044998,130.009995,130.720001,120.107422,40067950
2022-04-01,131.000000,134.089996,130.544998,131.710007,121.017044,55321590
2022-04-04,131.710007,135.399994,131.445007,134.190002,123.295700,69670320
2022-04-05,134.845001,135.800003,132.925003,134.490005,123.571358,63296420
2022-04-06,135.000000,138.669998,134.679993,137.074997,125.946472,114097540
2022-04-07,137.699997,138.100006,134.100006,134.949997,123.993996,55650640
2022-04-08,136.095001,137.994995,135.625000,137.074997,125.946472,52287710
2022-04-11,137.070007,138.399994,135.300003,135.789993,124.765800,44778820
2022-04-12,135.300003,135.994995,129.610001,132.024994,121.306458,69191680
2022-04-13,133.494995,134.600006,131.500000,131.949997,121.237556,44937800
2022-04-18,133.190002,135.804993,132.884995,133.910004,123.038437,80700420
2022-04-19,135.259995,136.664993,130.899994,132.660004,121.889915,64772190
2022-04-20,132.970001,133.645004,130.304993,131.425003,120.755180,54100210
2022-04-21,131.600006,132.274994,128.585007,130.214996,119.643410,66690280
2022-04-22,130.160004,131.154999,127.375000,127.754997,117.383133,55848230
2022-04-25,125.000000,126.294998,121.279999,122.035004,112.127510,72310460
2022-04-26,123.500000,124.169998,122.500000,123.360001,113.344940,44812710
2022-04-27,122.699997,125.500000,121.040001,124.669998,114.548584,71209740
2022-04-28,125.949997,126.864998,124.300003,126.084999,115.848709,51295830
2022-04-29,126.800003,129.169998,126.565002,127.105003,116.785904,57173520
2022-05-02,125.699997,130.274994,124.875000,129.520004,119.004845,54426170
2022-05-04,132.729996,133.000000,125.449997,126.135002,115.894653,138374020
2022-05-05,128.000000,131.649994,127.800003,128.425003,117.998741,87338160
2022-05-06,126.800003,129.000000,124.300003,128.369995,117.948196,69256760
2022-05-09,126.000000,127.419998,124.400002,125.224998,115.058533,50552970
2022-05-10,125.099998,125.464996,115.855003,116.489998,107.032684,145537420
2022-05-11,117.500000,119.089996,112.339996,116.570000,107.106194,107063150
2022-05-12,115.690002,116.239998,110.300003,111.769997,102.695885,94191610
2022-05-13,113.500000,115.180000,109.199997,109.699997,100.793930,82924410
2022-05-16,111.900002,113.480003,109.400002,110.349998,101.391167,62665270
2022-05-17,112.400002,119.720001,111.535004,118.870003,109.219467,112876010
2022-05-18,119.699997,120.900002,117.500000,118.025002,108.443069,81575800
2022-05-19,115.099998,115.489998,111.519997,112.214996,103.104752,66545630
2022-05-20,116.235001,117.839996,114.120003,117.059998,107.556412,65527500
2022-05-23,109.699997,109.699997,100.154999,102.294998,93.990112,273883460
2022-05-24,103.099998,103.989998,100.199997,100.635002,92.464882,123116660
2022-05-25,100.635002,101.834999,99.180000,99.910004,91.798752,99343400
2022-05-26,100.699997,106.754997,99.525002,105.199997,96.659271,150536730
2022-05-27,106.250000,106.764999,103.199997,104.349998,95.878281,74772200
2022-05-30,105.900002,106.379997,104.349998,104.745003,96.241219,72701590
2022-05-31,104.500000,107.190002,103.699997,105.565002,96.994644,121248850
2022-06-01,106.550003,107.900002,105.330002,106.355003,97.720505,94055290
2022-06-02,106.775002,108.474998,105.910004,108.154999,99.374367,79177040
2022-06-03,109.199997,109.279999,106.500000,106.730003,98.065063,53954860
2022-06-06,106.500000,108.290001,104.919998,107.809998,99.057373,57262490
2022-06-07,106.699997,108.150002,106.355003,106.849998,98.175316,43341570
2022-06-08,108.099998,108.889999,107.404999,108.675003,99.852158,64734340
2022-06-09,107.495003,108.724998,104.120003,104.485001,96.002327,98547810
2022-06-10,103.000000,103.139999,101.065002,102.370003,94.059036,95225630
2022-06-13,100.430000,101.199997,99.000000,99.195000,91.141792,82235750
2022-06-14,98.824997,101.370003,98.555000,99.614998,91.527695,77202600
2022-06-15,95.394997,97.425003,95.065002,95.955002,92.922180,92443330
2022-06-16,97.500000,97.500000,89.820000,90.169998,87.320023,122741050
2022-06-17,89.800003,92.739998,89.550003,90.669998,87.804222,121290260
2022-06-20,90.500000,90.500000,84.264999,86.139999,83.417404,139866890
2022-06-21,87.500000,89.550003,86.400002,88.480003,85.683441,124526970
2022-06-22,87.294998,87.385002,83.570000,83.809998,81.161041,109877390
2022-06-23,84.000000,85.595001,82.699997,84.129997,81.470924,111515840
2022-06-24,85.000000,86.474998,84.464996,85.285004,82.589432,85433810
2022-06-27,87.050003,87.885002,86.305000,86.785004,84.042015,72814730
2022-06-28,86.599998,88.440002,86.040001,87.889999,85.112091,84647330
2022-06-29,87.000000,88.879997,86.849998,88.160004,85.373558,72318470
2022-06-30,88.150002,89.449997,86.330002,86.705002,83.964546,84672090
2022-07-01,86.695000,87.500000,85.910004,87.285004,84.526215,54761890
2022-07-04,86.849998,87.120003,84.330002,85.455002,82.754051,77554410
2022-07-05,86.199997,87.919998,85.779999,86.014999,83.296349,79058290
2022-07-06,85.845001,86.110001,83.805000,85.815002,83.102676,81439710
2022-07-07,86.699997,90.654999,85.849998,90.000000,87.155396,111007940
2022-07-08,91.790001,91.790001,88.050003,88.589996,85.789963,112000630
2022-07-11,88.519997,92.900002,87.504997,91.275002,88.390099,150193340
2022-07-12,90.489998,91.595001,89.360001,90.209999,87.358765,100175050
2022-07-13,90.595001,91.419998,90.065002,90.485001,87.625069,70135110
2022-07-14,91.000000,91.099998,89.500000,90.800003,87.930115,74498580
2022-07-15,90.500000,91.029999,87.750000,88.379997,85.586601,81253510
2022-07-18,89.699997,90.800003,89.224998,90.430000,87.571808,73060810
2022-07-19,90.099998,92.190002,90.099998,91.945000,89.038925,85341580
2022-07-20,93.595001,93.800003,92.519997,92.845001,89.910477,77088650
2022-07-21,93.000000,93.885002,92.449997,93.430000,90.476990,50877140
2022-07-22,94.250000,94.400002,93.199997,93.605003,90.646461,48608940
2022-07-25,93.500000,96.485001,93.360001,96.070000,93.033546,99635630
2022-07-26,97.199997,97.669998,94.605003,94.949997,91.948944,126264690
2022-07-27,95.099998,96.154999,94.360001,95.940002,92.907661,52559020
2022-07-28,98.099998,102.000000,97.150002,100.349998,97.178268,137156107
2022-07-29,103.000000,109.300003,102.150002,107.599998,104.199120,166959934
2022-08-01,110.500000,111.449997,106.150002,108.250000,104.828575,125365761
2022-08-02,108.000000,108.000000,105.349998,107.000000,103.618088,64935371
2022-08-03,107.000000,108.449997,106.000000,107.050003,103.666512,61428846
2022-08-04,107.500000,109.500000,106.050003,107.699997,104.295959,79526154
2022-08-05,107.650002,109.250000,107.099998,107.349998,103.957024,54469112
2022-08-08,107.849998,108.150002,106.699997,107.199997,103.811760,41384943
2022-08-10,107.900002,109.900002,106.500000,109.199997,105.748550,73880698
2022-08-11,110.300003,110.650002,108.599998,109.099998,105.651711,75321498
2022-08-12,109.349998,112.900002,108.800003,112.650002,109.089508,95942333
2022-08-16,113.699997,113.699997,111.099998,113.000000,109.428444,69207437
2022-08-17,113.500000,113.500000,112.250000,112.500000,108.944252,54008422
2022-08-18,112.500000,113.000000,111.400002,112.550003,108.992668,49396425
2022-08-19,112.550003,112.900002,109.550003,110.050003,106.571686,57134813
2022-08-22,109.500000,109.599998,104.699997,105.050003,101.729721,74037526
2022-08-23,104.199997,108.250000,103.500000,107.599998,104.199120,70531639
2022-08-24,107.550003,108.150002,105.750000,106.550003,103.182312,55686404
2022-08-25,107.050003,107.900002,105.750000,106.250000,102.891792,42186335
2022-08-26,107.250000,109.199997,107.099998,107.349998,103.957024,71257092
2022-08-29,104.050003,105.650002,103.250000,104.849998,101.536041,59895805
2022-08-30,106.500000,108.500000,106.050003,108.300003,104.876999,67401780
2022-09-01,107.000000,107.750000,105.900002,106.400002,103.037048,52454732
2022-09-02,107.000000,107.000000,105.000000,105.500000,102.165497,45601352
2022-09-05,106.050003,107.300003,105.800003,106.900002,103.521248,40352735
2022-09-06,107.400002,108.800003,106.050003,108.599998,105.167511,59505849
2022-09-07,107.550003,108.900002,107.099998,107.599998,104.199120,43945660
2022-09-08,108.400002,108.400002,105.349998,105.849998,102.504433,71228405
2022-09-09,107.000000,107.349998,105.500000,105.699997,102.359169,63647166
2022-09-12,106.800003,107.949997,106.500000,107.750000,104.344383,40838533
2022-09-13,108.000000,108.699997,107.550003,107.750000,104.344383,44179394
2022-09-14,106.300003,110.400002,105.800003,109.150002,105.700134,86379872
2022-09-15,108.650002,109.000000,106.500000,107.000000,103.618088,62926791
2022-09-16,106.199997,107.500000,105.000000,105.699997,102.359169,107967267
2022-09-19,106.199997,106.199997,103.000000,103.099998,99.841347,51146568
2022-09-20,104.199997,106.349998,104.000000,105.800003,102.456017,52140254
2022-09-21,105.800003,107.199997,104.300003,104.449997,101.148682,46142823
2022-09-22,104.449997,105.300003,103.500000,103.599998,100.325546,61380323
2022-09-23,106.199997,107.900002,103.750000,104.300003,101.003426,109765520
2022-09-26,104.400002,104.449997,98.500000,99.849998,96.694069,101291962
2022-09-27,101.349998,101.349998,96.500000,97.650002,94.563606,104949032
2022-09-28,96.550003,97.849998,95.000000,95.199997,92.191040,71724106
2022-09-29,97.000000,98.250000,96.400002,96.849998,93.788895,60884592
2022-09-30,96.849998,100.400002,95.699997,99.300003,96.161461,66436616
2022-10-03,99.599998,99.650002,98.000000,98.349998,95.241486,37282313
2022-10-04,100.300003,101.500000,100.000000,101.150002,97.952988,40186702
2022-10-06,102.000000,103.800003,101.750000,103.550003,100.277130,48169310
2022-10-07,103.300003,103.500000,101.900002,103.300003,100.035034,36080875
2022-10-10,102.000000,103.500000,101.150002,103.199997,99.938187,36641275
2022-10-11,103.550003,103.650002,99.800003,100.349998,97.178268,41083734
2022-10-12,100.349998,101.199997,99.000000,100.550003,97.371948,41357469
2022-10-13,101.099998,101.800003,98.800003,100.099998,96.936172,34668093
2022-10-14,101.849998,102.800003,99.900002,100.099998,96.936172,32456805
2022-10-17,99.750000,100.400002,98.099998,99.550003,96.403557,37568783
2022-10-18,100.300003,101.000000,99.800003,100.650002,97.468788,30722156
2022-10-19,100.599998,101.250000,99.699997,100.050003,96.887756,38764542
2022-10-20,99.500000,101.199997,98.800003,100.900002,97.710892,38091315
2022-10-21,100.849998,101.449997,99.349998,100.199997,97.033005,30973997
2022-10-24,102.000000,102.099998,101.000000,101.199997,98.001404,7480281
2022-10-25,101.150002,102.500000,100.699997,101.199997,98.001404,37163180
2022-10-27,102.250000,104.650002,102.050003,104.199997,100.906578,74349009
2022-10-28,104.099998,104.599998,100.800003,101.599998,98.388763,51006232
2022-10-31,101.900002,102.150002,100.300003,101.550003,98.340347,38715841
2022-11-01,98.550003,101.449997,98.550003,101.199997,98.001404,69031178
2022-11-02,101.000000,103.000000,100.800003,101.250000,98.049828,42336049
2022-11-03,100.750000,102.449997,100.000000,102.000000,98.776123,39110676
2022-11-04,102.500000,105.000000,102.199997,104.750000,101.439201,70299020
2022-11-07,105.900002,107.449997,104.599998,106.699997,103.327568,74426059
2022-11-09,107.250000,107.550003,105.550003,106.099998,102.746529,38295904
2022-11-10,105.199997,106.000000,104.449997,104.699997,101.390778,27864285
2022-11-11,106.250000,108.199997,106.250000,107.550003,104.150703,77933417
2022-11-14,108.500000,110.000000,108.250000,108.699997,105.264351,55474425
2022-11-15,109.000000,109.349998,107.199997,108.550003,105.119095,35007427
2022-11-16,108.449997,108.800003,105.199997,106.550003,103.182312,40404167
2022-11-17,105.900002,106.800003,104.500000,105.849998,102.504433,32894825
2022-11-18,105.849998,106.300003,104.699997,105.500000,102.165497,28992538
2022-11-21,107.699997,107.699997,103.849998,104.250000,100.955002,58404309
2022-11-22,104.400002,105.400002,103.550003,105.199997,101.874977,27846186
2022-11-23,105.699997,106.000000,104.949997,105.449997,102.117073,22809651
2022-11-24,105.849998,105.949997,104.599998,105.500000,102.165497,23737867
2022-11-25,105.599998,106.500000,105.099998,106.199997,102.843369,27361785
2022-11-28,106.000000,106.400002,104.500000,104.900002,101.584465,33516118
2022-11-29,105.000000,107.650002,104.949997,106.099998,102.746529,40661568
2022-11-30,106.099998,107.949997,105.900002,107.650002,104.247543,61142050
2022-12-01,108.699997,111.300003,108.000000,110.750000,107.249557,91702642
2022-12-02,110.800003,112.500000,110.150002,112.000000,108.460052,70541914
2022-12-05,113.300003,116.099998,112.650002,115.849998,112.188362,96441799
2022-12-06,115.349998,115.349998,112.250000,112.949997,109.380020,50581245
2022-12-07,113.400002,113.500000,110.849998,111.199997,107.685333,39494279
2022-12-08,111.750000,113.000000,110.800003,111.849998,108.314789,32416724
2022-12-09,112.800003,113.750000,109.699997,110.449997,106.959038,35665257
2022-12-12,110.199997,112.099998,108.699997,111.699997,108.169533,37082389
2022-12-13,112.550003,112.849998,110.800003,111.199997,107.685333,32264080
2022-12-14,111.599998,113.199997,111.099998,113.050003,109.476868,38606984
2022-12-15,112.650002,113.449997,110.699997,110.949997,107.443237,34361613
2022-12-16,110.349998,112.099998,109.449997,111.050003,107.540085,34736665
2022-12-19,111.050003,112.099998,110.800003,111.800003,108.266380,17297590
2022-12-20,111.150002,111.500000,109.000000,110.949997,107.443237,34836506
2022-12-21,111.800003,112.000000,108.699997,109.400002,105.942230,32303565
2022-12-22,110.000000,110.599998,106.349998,107.650002,104.247543,39639329
2022-12-23,106.000000,106.750000,101.949997,102.250000,99.018219,46756489
2022-12-26,102.800003,105.550003,101.650002,105.000000,101.681297,33995681
2022-12-27,106.650002,111.550003,105.849998,111.150002,107.636917,76033410
2022-12-28,111.050003,112.300003,109.699997,110.000000,106.523270,50660601
2022-12-29,109.000000,112.000000,108.849998,111.750000,108.217957,51751642
2022-12-30,112.900002,114.750000,112.099998,112.650002,109.089508,56048485
2023-01-02,114.400002,119.699997,113.750000,119.250000,115.480904,143444095
2023-01-03,119.800003,120.500000,117.750000,118.449997,114.706184,74419090
2023-01-04,118.750000,119.050003,115.349998,115.750000,112.091530,55634568
2023-01-05,116.500000,117.000000,114.500000,116.550003,112.866241,58806907
2023-01-06,117.000000,117.849998,115.250000,115.650002,111.994690,58551863
2023-01-09,116.900002,118.099998,116.550003,117.550003,113.834641,37763131
2023-01-10,117.650002,119.750000,117.550003,118.849998,115.093544,56750710
2023-01-11,119.449997,120.349998,118.000000,118.849998,115.093544,49321252
2023-01-12,118.949997,119.250000,117.599998,118.099998,114.367249,33740024
2023-01-13,118.550003,121.599998,118.150002,120.449997,116.642975,68884010
2023-01-16,121.449997,121.449997,118.800003,119.949997,116.158775,44362359
2023-01-17,119.750000,119.900002,118.000000,119.349998,115.577744,27880531
2023-01-18,120.000000,123.000000,120.000000,122.449997,118.579758,64749065
2023-01-19,121.800003,124.300003,121.150002,123.550003,119.644997,53564076
2023-01-20,123.400002,124.199997,122.000000,122.949997,119.063957,37784498
2023-01-23,123.400002,123.849998,121.500000,122.000000,118.143982,28601260
2023-01-24,122.500000,122.550003,120.099998,120.400002,116.594559,27707765
2023-01-25,120.349998,122.250000,120.099998,121.000000,117.175591,46522102
2023-01-27,121.900002,123.250000,119.099998,120.650002,116.836655,58771746
2023-01-30,120.449997,121.099998,116.900002,118.750000,114.996704,46551837
2023-01-31,118.750000,120.449997,117.750000,119.699997,115.916679,43986769
2023-02-01,120.099998,124.150002,119.300003,122.050003,118.192406,72919626
2023-02-02,121.949997,122.500000,118.400002,119.949997,116.158775,38768010
2023-02-03,120.050003,121.000000,117.199997,120.349998,116.546135,46977350
2023-02-06,120.000000,120.000000,117.000000,117.449997,113.737793,49546361
2023-02-07,112.599998,115.349998,110.550003,111.449997,107.927437,110953246
2023-02-08,111.449997,112.750000,110.099998,111.449997,107.927437,66523699
2023-02-09,112.150002,112.949997,109.949997,111.250000,107.733757,64710455
2023-02-10,111.000000,111.250000,108.300003,108.800003,105.361198,60810058
2023-02-13,108.800003,110.599998,108.400002,108.750000,105.312775,56186469
2023-02-14,109.550003,109.900002,108.250000,109.250000,105.796974,31163587
2023-02-15,109.000000,110.599998,108.800003,110.300003,106.813789,35544190
2023-02-16,111.000000,112.199997,110.650002,112.000000,108.460052,30956191
2023-02-17,111.550003,113.099998,111.300003,112.250000,108.702148,34107244
2023-02-20,112.300003,112.699997,111.050003,112.349998,108.798988,19896764
2023-02-21,112.900002,114.199997,112.750000,113.150002,109.573708,29830864
2023-02-22,113.250000,113.699997,110.650002,111.150002,107.636917,24391211
2023-02-23,111.550003,113.650002,111.349998,112.050003,108.508476,30845778
2023-02-24,112.500000,112.900002,109.550003,109.750000,106.281166,34326940
2023-02-27,109.800003,110.050003,105.150002,106.099998,102.746529,56217189
2023-02-28,106.849998,107.050003,103.550003,103.949997,100.664482,76540448
2023-03-01,104.699997,107.099998,104.500000,105.500000,102.165497,76175319
2023-03-02,106.050003,106.900002,104.349998,104.650002,101.342361,55276248
2023-03-03,106.000000,107.449997,105.000000,107.000000,103.618088,117175295
2023-03-06,107.500000,107.599998,105.000000,105.650002,102.310753,106868143
2023-03-08,105.300003,106.900002,104.000000,106.500000,103.133888,43939583
2023-03-09,107.849998,108.949997,107.500000,108.199997,104.780151,51967449
2023-03-10,107.000000,108.349998,106.599998,108.099998,104.683319,47699832
2023-03-13,108.250000,109.000000,106.349998,106.800003,103.424408,34552596
2023-03-14,107.000000,108.550003,106.199997,106.400002,103.037048,48584984
2023-03-15,107.500000,109.150002,107.400002,108.650002,105.215935,38930902
2023-03-16,107.250000,107.250000,103.699997,105.050003,101.729721,81088340
2023-03-17,106.449997,107.349998,105.000000,107.000000,103.618088,48962238
2023-03-20,106.099998,106.449997,103.849998,104.500000,101.197105,41569640
2023-03-21,105.099998,105.400002,104.300003,104.750000,101.439201,26434897
2023-03-22,104.750000,105.949997,104.400002,104.800003,101.487625,25891259
2023-03-23,104.400002,105.500000,104.349998,104.900002,101.584465,20913844
2023-03-24,105.000000,105.050003,101.550003,102.099998,98.872955,39014278
2023-03-27,102.550003,103.400002,102.099998,102.300003,99.066643,24753289
2023-03-28,102.849998,103.099998,102.349998,102.500000,99.260315,18703734
2023-03-29,102.500000,104.500000,101.650002,103.599998,100.325546,37221124
2023-03-31,105.000000,105.500000,104.099998,104.500000,101.197105,34579415
2023-04-03,105.099998,105.250000,103.800003,104.099998,100.809746,21840428
2023-04-05,104.099998,105.000000,103.199997,104.849998,101.536041,25194802
2023-04-06,104.849998,105.099998,104.199997,104.349998,101.051842,21053782
2023-04-10,104.500000,105.750000,104.500000,104.949997,101.632874,19992257
2023-04-11,105.550003,107.849998,105.099998,107.550003,104.150703,49304956
2023-04-12,108.199997,108.400002,106.949997,107.599998,104.199120,27349538
2023-04-13,107.500000,108.150002,105.900002,107.500000,104.102280,34880922
2023-04-17,107.599998,108.300003,106.750000,107.150002,103.763344,24642162
2023-04-18,107.199997,107.900002,106.849998,107.599998,104.199120,25476339
2023-04-19,107.849998,110.400002,107.750000,108.099998,104.683319,62100775
2023-04-20,108.199997,108.699997,107.400002,108.000000,104.586479,18337948
2023-04-21,108.000000,108.099998,105.349998,106.150002,102.794952,37638506
2023-04-24,106.400002,106.699997,105.349998,106.500000,103.133888,23475012
2023-04-25,106.699997,107.599998,106.250000,107.050003,103.666512,23333425
2023-04-26,106.500000,107.050003,105.849998,106.849998,103.472824,23590297
2023-04-27,106.300003,107.849998,106.300003,107.650002,104.247543,22364308
2023-04-28,107.800003,108.500000,107.300003,107.949997,104.538055,30072920
2023-05-02,108.000000,110.849998,108.000000,110.300003,106.813789,52822162
2023-05-03,109.800003,111.000000,108.750000,109.699997,106.232742,51272624
2023-05-04,110.000000,111.900002,109.500000,111.050003,107.540085,38636907
2023-05-05,110.849998,110.849998,108.400002,108.650002,105.215935,32958346
2023-05-08,109.250000,109.849998,108.250000,109.550003,106.087494,23130472
2023-05-09,109.599998,111.199997,109.150002,109.550003,106.087494,27999202
2023-05-10,109.599998,110.000000,108.599998,109.250000,105.796974,19213215
2023-05-11,109.199997,109.500000,108.250000,108.550003,105.119095,19817637
2023-05-12,108.349998,108.400002,106.550003,106.750000,103.375984,36794838
2023-05-15,107.050003,108.199997,105.650002,107.699997,104.295959,22148028
2023-05-16,108.199997,108.650002,107.199997,107.400002,104.005447,18587658
2023-05-17,107.400002,107.500000,105.550003,106.000000,102.649689,28895465
2023-05-18,106.500000,107.150002,105.099998,105.199997,101.874977,24208481
2023-05-19,105.599998,105.699997,104.050003,104.650002,101.342361,29848841
2023-05-22,105.000000,105.250000,104.300003,105.000000,101.681297,21588716
2023-05-23,105.099998,106.050003,105.000000,105.599998,102.262337,21304034
2023-05-24,105.099998,105.800003,104.900002,105.199997,101.874977,28454367
2023-05-25,105.000000,105.199997,104.300003,104.849998,101.536041,25885062
2023-05-26,105.000000,106.750000,104.949997,106.400002,103.037048,28362042
2023-05-29,107.000000,108.849998,106.300003,108.449997,105.022255,41062311
2023-05-30,108.949997,108.949997,106.900002,107.050003,103.666512,33475211
2023-05-31,106.400002,106.949997,105.599998,105.800003,102.456017,41249944
2023-06-01,105.900002,106.699997,105.800003,105.949997,102.601273,21211538
2023-06-02,106.500000,108.300003,106.500000,108.000000,104.586479,46686933
2023-06-05,108.650002,109.900002,107.800003,109.400002,105.942230,39642539
2023-06-06,109.750000,109.849998,108.300003,109.000000,105.554871,26751372
2023-06-07,109.500000,111.750000,108.900002,111.500000,107.975853,45157197
2023-06-08,111.500000,113.000000,110.949997,111.150002,107.636917,46380294
2023-06-09,111.250000,111.650002,108.650002,108.900002,105.458038,36392617
2023-06-12,109.150002,110.599998,109.150002,109.500000,106.039070,23472313
2023-06-13,110.000000,111.849998,109.650002,111.150002,107.636917,30018212
2023-06-14,111.500000,114.000000,111.400002,113.800003,110.203163,66696433
2023-06-15,113.900002,114.199997,113.250000,113.750000,110.154739,39430138
2023-06-16,114.400002,114.800003,113.849998,114.250000,110.638939,31715807
2023-06-19,115.449997,115.599998,113.050003,114.099998,110.493675,33502185
2023-06-20,114.099998,115.250000,113.500000,114.250000,110.638939,30371599
2023-06-21,114.900002,114.900002,112.849998,113.900002,110.300003,35627983
2023-06-22,110.599998,112.199997,110.550003,111.099998,111.099998,34769987
2023-06-23,110.500000,110.750000,109.199997,109.599998,109.599998,22190233
2023-06-26,109.599998,110.199997,108.099998,109.849998,109.849998,25332751
2023-06-27,110.599998,111.500000,110.150002,110.750000,110.750000,24129403
2023-06-28,111.500000,112.050003,110.900002,111.550003,111.550003,23895274
2023-06-30,111.599998,112.199997,110.400002,112.000000,112.000000,26741918
2023-07-03,112.250000,114.250000,112.050003,113.099998,113.099998,30979256
2023-07-04,113.199997,113.400002,112.099998,112.400002,112.400002,25080307
2023-07-05,112.550003,113.550003,112.199997,112.949997,112.949997,27877180
2023-07-06,112.000000,112.849998,111.500000,112.650002,112.650002,34320086
2023-07-07,112.000000,113.300003,111.250000,111.599998,111.599998,30034274
2023-07-10,112.250000,115.699997,111.650002,115.300003,115.300003,60652690
2023-07-11,115.599998,116.099998,114.800003,115.150002,115.150002,37999385
2023-07-12,115.150002,116.050003,114.000000,114.699997,114.699997,32771204
2023-07-13,116.000000,116.949997,114.500000,114.849998,114.849998,44847814
2023-07-14,115.699997,117.900002,114.800003,117.150002,117.150002,34521821
2023-07-17,117.949997,119.349998,117.099998,117.750000,117.750000,49115369
2023-07-18,118.000000,118.150002,116.400002,116.599998,116.599998,23433431
2023-07-19,116.699997,117.199997,116.099998,116.699997,116.699997,17222355
2023-07-20,116.699997,117.250000,116.349998,116.949997,116.949997,22303831
2023-07-21,116.599998,117.949997,115.500000,116.599998,116.599998,31546136
2023-07-24,116.500000,116.500000,114.349998,115.500000,115.500000,38113555
2023-07-25,115.000000,119.900002,114.349998,119.250000,119.250000,88035259
2023-07-26,119.800003,120.599998,118.849998,119.949997,119.949997,29716336
2023-07-27,120.250000,121.449997,119.150002,119.800003,119.800003,39664251
2023-07-28,120.199997,121.099998,118.699997,120.599998,120.599998,33996691
2023-07-31,120.599998,123.849998,120.599998,123.150002,123.150002,52330311
2023-08-01,123.550003,124.150002,122.550003,123.199997,123.199997,27863562
2023-08-02,122.900002,122.900002,118.250000,118.949997,118.949997,54951586
2023-08-03,118.699997,119.650002,117.500000,118.199997,118.199997,34624188
2023-08-04,119.400002,119.750000,118.000000,119.000000,119.000000,22303966
2023-08-07,119.599998,119.599998,118.000000,118.849998,118.849998,20711952
2023-08-08,119.000000,119.500000,117.949997,118.150002,118.150002,21275054
2023-08-09,118.349998,120.500000,116.900002,120.199997,120.199997,34154214
2023-08-10,120.000000,120.650002,119.250000,120.000000,120.000000,24439101
2023-08-11,120.300003,121.400002,119.150002,120.300003,120.300003,26337436
2023-08-14,120.300003,120.400002,117.349998,118.150002,118.150002,33095516
2023-08-16,117.949997,117.949997,115.400002,115.949997,115.949997,31252473
2023-08-17,115.900002,116.800003,114.699997,116.050003,116.050003,28461865
2023-08-18,116.300003,116.400002,114.750000,115.800003,115.800003,30381609
2023-08-21,116.750000,117.099998,115.849998,116.900002,116.900002,22629651
2023-08-22,117.150002,117.750000,116.500000,117.550003,117.550003,17343131
2023-08-23,117.849998,119.250000,117.650002,118.949997,118.949997,43744909
2023-08-24,119.500000,120.099998,118.050003,118.250000,118.250000,27103446
2023-08-25,118.000000,118.150002,116.699997,116.900002,116.900002,23692527
2023-08-28,117.000000,118.250000,117.000000,117.599998,117.599998,19218821
2023-08-29,118.500000,120.150002,117.750000,119.550003,119.550003,36038317
2023-08-30,120.500000,122.699997,120.250000,122.099998,122.099998,51467177
2023-08-31,122.849998,123.599998,122.150002,122.900002,122.900002,60626985
2023-09-01,123.500000,128.699997,123.400002,127.050003,127.050003,76460408
2023-09-04,129.199997,132.899994,128.850006,131.750000,131.750000,68525900
2023-09-05,131.750000,132.449997,128.850006,131.699997,131.699997,36466807
2023-09-06,132.399994,132.399994,128.199997,129.600006,129.600006,36058850
2023-09-07,129.500000,130.800003,128.600006,130.149994,130.149994,30268235
2023-09-08,131.399994,131.649994,129.199997,129.500000,129.500000,34313523
2023-09-11,129.500000,131.850006,129.199997,131.149994,131.149994,33377857
2023-09-12,132.800003,133.149994,128.649994,129.000000,129.000000,38065283
2023-09-13,129.600006,130.500000,127.699997,129.550003,129.550003,23371459
2023-09-14,131.000000,134.199997,130.800003,131.699997,131.699997,58800620
2023-09-15,132.600006,133.300003,129.850006,131.949997,131.949997,85058495
2023-09-18,135.000000,135.000000,130.050003,130.449997,130.449997,62420823
2023-09-20,130.449997,131.800003,128.000000,128.300003,128.300003,43627379
2023-09-21,128.300003,129.250000,127.199997,127.800003,127.800003,29826091
2023-09-22,127.150002,128.699997,125.500000,126.750000,126.750000,34059194
2023-09-25,127.300003,128.300003,126.099998,127.400002,127.400002,23466981
2023-09-26,129.000000,130.550003,128.399994,128.899994,128.899994,48936598
2023-09-27,128.750000,128.750000,126.699997,128.149994,128.149994,33277329
2023-09-28,128.350006,129.300003,126.300003,126.800003,126.800003,29982233
2023-09-29,128.199997,129.550003,127.550003,128.899994,128.899994,28406435
2023-10-03,129.000000,129.100006,127.250000,128.000000,128.000000,18613557
2023-10-04,127.000000,127.099998,124.500000,125.300003,125.300003,33272725
2023-10-05,125.900002,126.150002,124.550003,125.250000,125.250000,27063441
2023-10-06,126.500000,127.000000,125.099998,125.900002,125.900002,21928671
2023-10-09,124.800003,124.900002,122.599998,123.849998,123.849998,21457836
2023-10-10,124.699997,125.900002,123.750000,125.300003,125.300003,28745957
2023-10-11,126.000000,126.300003,124.699997,124.949997,124.949997,24455932
2023-10-12,125.349998,126.900002,125.099998,125.900002,125.900002,19361688
2023-10-13,125.000000,125.750000,124.000000,125.050003,125.050003,26912800
2023-10-16,125.099998,127.250000,124.949997,127.000000,127.000000,23868700
2023-10-17,127.900002,128.550003,127.000000,127.400002,127.400002,24241710
2023-10-18,127.849998,128.699997,126.599998,127.099998,127.099998,20926079
2023-10-19,125.500000,126.500000,124.349998,126.000000,126.000000,30941319
2023-10-20,125.000000,125.750000,122.699997,123.099998,123.099998,30746140
2023-10-23,123.349998,123.400002,119.699997,120.000000,120.000000,30699479
2023-10-25,121.199997,122.800003,120.750000,121.349998,121.349998,27346103
2023-10-26,120.849998,120.900002,118.900002,119.900002,119.900002,36298907
2023-10-27,120.500000,121.800003,119.500000,119.900002,119.900002,28424007
2023-10-30,121.050003,121.250000,118.949997,119.150002,119.150002,18753217
2023-10-31,120.000000,120.150002,118.400002,118.750000,118.750000,22319950
2023-11-01,119.000000,119.099998,116.000000,116.599998,116.599998,24717941
2023-11-02,114.599998,118.550003,114.599998,118.099998,118.099998,72538804
2023-11-03,118.199997,118.599998,117.099998,117.300003,117.300003,31747230
2023-11-06,118.500000,119.650002,117.500000,119.400002,119.400002,27883152
2023-11-07,119.300003,120.199997,118.400002,119.650002,119.650002,25818033
2023-11-08,119.750000,120.500000,118.550003,119.050003,119.050003,22552386
2023-11-09,119.199997,120.500000,118.849998,119.650002,119.650002,22979112
2023-11-10,119.500000,120.449997,118.800003,120.050003,120.050003,23584510
2023-11-13,120.849998,121.250000,119.900002,121.000000,121.000000,17951775
2023-11-15,121.699997,124.400002,121.500000,124.050003,124.050003,38344393
2023-11-16,124.000000,125.250000,123.000000,124.699997,124.699997,30836413
2023-11-17,124.699997,125.750000,124.300003,125.199997,125.199997,23319439
2023-11-20,125.050003,125.650002,124.050003,124.349998,124.349998,18780290
2023-11-21,125.050003,126.400002,124.949997,126.250000,126.250000,29643312
2023-11-22,126.400002,126.900002,125.500000,126.099998,126.099998,19588063
2023-11-23,126.349998,127.400002,125.900002,126.699997,126.699997,30736851
2023-11-24,126.699997,127.000000,125.550003,125.949997,125.949997,14719450
2023-11-28,127.000000,127.000000,126.000000,126.849998,126.849998,18377843
2023-11-29,127.150002,128.149994,126.699997,127.750000,127.750000,23092165
2023-11-30,127.800003,128.850006,126.500000,127.900002,127.900002,40165104
2023-12-01,128.899994,130.300003,128.050003,130.000000,130.000000,31192397
2023-12-04,132.199997,132.350006,130.399994,131.000000,131.000000,41230928
2023-12-05,131.000000,132.449997,130.000000,131.600006,131.600006,35192149
2023-12-06,132.500000,133.399994,130.800003,131.850006,131.850006,40753593
2023-12-07,131.699997,132.199997,129.800003,130.000000,130.000000,34686333
2023-12-08,130.149994,131.399994,127.949997,129.199997,129.199997,34393711
2023-12-11,129.850006,130.500000,128.750000,130.050003,130.050003,24038059
2023-12-12,130.050003,132.149994,129.699997,130.100006,130.100006,30696410
2023-12-13,130.550003,131.500000,129.149994,131.399994,131.399994,22767972
2023-12-14,132.300003,133.250000,131.500000,132.000000,132.000000,43372143
2023-12-15,133.399994,136.750000,133.000000,136.449997,136.449997,77377446
2023-12-18,136.850006,137.600006,135.100006,136.600006,136.600006,38461877
2023-12-19,136.649994,137.600006,134.800003,135.399994,135.399994,27726431
2023-12-20,135.899994,136.149994,128.750000,129.750000,129.750000,39495961
2023-12-21,128.699997,131.449997,127.849998,131.000000,131.000000,34914399
2023-12-22,132.399994,134.750000,131.750000,133.550003,133.550003,37357334
2023-12-26,134.699997,136.100006,134.449997,135.199997,135.199997,25936447
2023-12-27,135.850006,138.899994,135.500000,137.199997,137.199997,48101400
2023-12-28,138.149994,138.750000,136.850006,138.149994,138.149994,34661176
2023-12-29,138.600006,141.250000,137.149994,139.600006,139.600006,49202910
2024-01-01,140.000000,140.949997,139.050003,139.850006,139.850006,21186105
2024-01-02,140.500000,140.600006,137.050003,139.600006,139.600006,27764060
2024-01-03,139.500000,139.600006,134.350006,135.350006,135.350006,45176618
2024-01-04,136.000000,136.350006,134.000000,134.250000,134.250000,43913498
2024-01-05,135.000000,135.949997,132.850006,133.649994,133.649994,71330190
2024-01-08,135.300003,135.949997,131.750000,132.000000,132.000000,39559717
2024-01-09,133.500000,134.800003,132.500000,133.649994,133.649994,30736868
2024-01-10,133.800003,134.699997,132.100006,134.100006,134.100006,27213624
2024-01-11,134.850006,135.649994,134.199997,134.899994,134.899994,23113349
2024-01-12,135.800003,136.250000,134.649994,135.300003,135.300003,32883921
2024-01-15,136.000000,136.250000,133.949997,134.899994,134.899994,34158775
2024-01-16,134.699997,138.500000,134.000000,137.250000,137.250000,56361287
2024-01-17,135.449997,135.750000,131.399994,131.649994,131.649994,58982971
2024-01-18,131.649994,132.250000,128.199997,131.000000,131.000000,45273496
2024-01-19,132.600006,134.699997,131.600006,134.250000,134.250000,32653013
2024-01-23,134.800003,135.199997,129.300003,130.100006,130.100006,35373970
2024-01-24,130.199997,135.550003,130.100006,135.149994,135.149994,39340119
2024-01-25,136.500000,136.500000,132.000000,133.750000,133.750000,61358839
2024-01-29,134.699997,135.399994,133.500000,135.000000,135.000000,29745400
2024-01-30,135.600006,137.699997,134.500000,134.699997,134.699997,35704185
2024-01-31,135.000000,136.699997,134.500000,135.949997,135.949997,36079354
2024-02-01,136.399994,136.750000,134.500000,134.800003,134.800003,31701793
2024-02-02,135.300003,139.600006,134.800003,138.699997,138.699997,69296192
2024-02-05,140.000000,143.350006,139.350006,141.550003,141.550003,80737626
2024-02-06,143.000000,145.100006,140.449997,144.649994,144.649994,53192936
2024-02-07,146.850006,147.399994,144.050003,144.399994,144.399994,61517064
2024-02-08,145.300003,145.649994,143.050003,143.649994,143.649994,38997666
2024-02-09,144.199997,144.449997,139.149994,141.300003,141.300003,35961925
2024-02-12,142.000000,142.949997,136.649994,137.399994,137.399994,36477544
2024-02-13,137.750000,138.250000,134.100006,137.850006,137.850006,39155909
2024-02-14,137.000000,141.500000,135.750000,141.199997,141.199997,29141690
2024-02-15,141.500000,143.449997,141.000000,141.199997,141.199997,31587387
2024-02-16,142.050003,143.449997,141.500000,142.300003,142.300003,22316127
2024-02-19,142.949997,143.350006,141.350006,141.949997,141.949997,16973568
2024-02-20,141.949997,142.250000,140.050003,141.050003,141.050003,24291123
2024-02-21,141.550003,146.199997,141.449997,143.899994,143.899994,88000833
2024-02-22,145.000000,146.149994,143.500000,145.899994,145.899994,46728176
2024-02-23,146.399994,147.100006,145.000000,145.449997,145.449997,28414697
2024-02-26,145.850006,145.949997,142.250000,142.649994,142.649994,22570277
2024-02-27,142.649994,144.500000,142.000000,144.199997,144.199997,24119469
2024-02-28,144.050003,144.949997,140.050003,140.750000,140.750000,20721926
2024-02-29,140.800003,141.850006,139.399994,140.850006,140.850006,32248156
2024-03-01,143.000000,150.649994,143.000000,149.949997,149.949997,123709943
2024-03-04,154.899994,154.899994,151.050003,153.100006,153.100006,67577785
2024-03-05,153.199997,154.000000,150.750000,151.850006,151.850006,37165490
2024-03-06,151.800003,152.649994,147.899994,151.600006,151.600006,51782444
2024-03-07,152.399994,159.149994,152.250000,157.250000,157.250000,124847699
2024-03-11,158.899994,158.899994,153.000000,153.449997,153.449997,54155385
2024-03-12,154.199997,154.550003,150.899994,152.500000,152.500000,34947937
2024-03-13,152.800003,152.899994,142.500000,143.649994,143.649994,70937597
2024-03-14,143.600006,143.949997,138.350006,142.449997,142.449997,91956952
2024-03-15,142.899994,143.699997,139.850006,141.699997,141.699997,68482621
2024-03-18,142.550003,150.250000,142.199997,149.699997,149.699997,166913078
2024-03-19,149.000000,152.449997,147.600006,148.750000,148.750000,105004268
2024-03-20,149.600006,150.649994,143.850006,145.649994,145.649994,77550319
2024-03-21,148.000000,151.199997,147.800003,150.100006,150.100006,84225737
2024-03-22,149.000000,152.750000,148.350006,151.800003,151.800003,68241556
2024-03-26,151.149994,153.399994,150.500000,152.399994,152.399994,52965508
2024-03-27,152.449997,154.100006,152.000000,152.699997,152.699997,35328794
2024-03-28,152.699997,157.000000,152.699997,155.850006,155.850006,62575327
2024-04-01,156.800003,163.899994,156.500000,163.149994,163.149994,84583929
2024-04-02,162.949997,165.500000,161.800003,164.649994,164.649994,69533405
2024-04-03,164.649994,166.250000,163.100006,163.649994,163.649994,50938559
2024-04-04,165.550003,165.949997,161.000000,163.399994,163.399994,61094750
2024-04-05,163.899994,164.149994,160.800003,163.350006,163.350006,44668121
2024-04-08,166.949997,166.949997,164.199997,165.199997,165.199997,48255703
2024-04-09,166.000000,169.800003,165.199997,166.000000,166.000000,63884687
2024-04-10,167.300003,169.199997,164.500000,165.050003,165.050003,64134758
2024-04-12,166.000000,166.000000,163.000000,163.500000,163.500000,55317636
2024-04-15,161.800003,164.699997,158.600006,160.850006,160.850006,66426404
2024-04-16,160.850006,162.449997,159.000000,160.050003,160.050003,41391261
2024-04-18,160.899994,164.000000,159.149994,160.050003,160.050003,68093672
2024-04-19,160.000000,162.500000,157.300003,162.100006,162.100006,60078229
2024-04-22,163.800003,164.699997,161.500000,161.850006,161.850006,39304790
2024-04-23,163.500000,163.500000,160.800003,161.149994,161.149994,30295177
2024-04-24,162.449997,166.899994,161.449997,165.550003,165.550003,59894921
2024-04-25,165.399994,168.000000,164.149994,167.699997,167.699997,50128523
2024-04-26,168.000000,170.699997,165.250000,165.800003,165.800003,65355111
2024-04-29,168.199997,169.600006,166.899994,167.399994,167.399994,44906151
2024-04-30,168.399994,168.399994,164.500000,165.000000,165.000000,55043389
2024-05-02,165.000000,168.899994,165.000000,167.350006,167.350006,69320283
2024-05-03,168.949997,170.750000,165.149994,166.500000,166.500000,62573586
2024-05-06,167.949997,168.649994,164.699997,167.600006,167.600006,37621296
2024-05-07,167.949997,167.949997,162.300003,164.250000,164.250000,43611824
2024-05-08,164.199997,167.100006,163.500000,166.050003,166.050003,30128705
2024-05-09,165.949997,166.699997,161.500000,161.899994,161.899994,30223088
2024-05-10,163.199997,164.350006,161.850006,162.250000,162.250000,31472419
2024-05-13,162.449997,164.500000,158.050003,163.850006,163.850006,36561003
2024-05-14,164.100006,166.550003,163.500000,164.949997,164.949997,46261468
2024-05-15,164.949997,167.550003,164.949997,165.600006,165.600006,29601304
2024-05-16,167.250000,168.000000,162.300003,165.899994,165.899994,41126570
2024-05-17,166.600006,168.449997,165.449997,167.350006,167.350006,39181277
2024-05-21,168.500000,175.199997,167.949997,174.350006,174.350006,84833644
2024-05-22,175.449997,175.500000,171.500000,173.300003,173.300003,42919832
2024-05-23,173.050003,175.800003,170.500000,175.500000,175.500000,49377680
2024-05-24,174.949997,177.550003,174.149994,174.850006,174.850006,38674485
2024-05-27,177.699997,177.699997,174.850006,175.500000,175.500000,30410585
2024-05-28,175.899994,177.500000,173.449997,174.899994,174.899994,39208456
2024-05-29,174.750000,176.000000,173.500000,174.250000,174.250000,36575550
2024-05-30,172.000000,172.000000,163.350006,164.149994,164.149994,108813875
2024-05-31,166.050003,167.949997,164.000000,167.199997,167.199997,83713848
2024-06-03,173.250000,175.000000,168.850006,174.250000,174.250000,86397540
2024-06-04,174.500000,174.649994,148.149994,158.949997,158.949997,125042158
2024-06-05,162.149994,169.600006,159.000000,169.199997,169.199997,60098501
2024-06-06,170.000000,174.699997,169.399994,172.050003,172.050003,57920819
2024-06-07,172.000000,179.649994,170.800003,178.899994,178.899994,84319867
2024-06-10,180.210007,182.100006,177.360001,180.289993,180.289993,74286848
2024-06-11,180.500000,183.750000,180.500000,181.330002,181.330002,55555544
2024-06-12,182.250000,183.869995,181.500000,182.229996,182.229996,33304643
2024-06-13,183.399994,184.100006,180.509995,182.559998,182.559998,36669164
2024-06-14,182.949997,183.500000,181.399994,183.149994,183.149994,28509237
2024-06-18,183.800003,184.600006,180.600006,181.119995,181.119995,35032118
2024-06-19,182.449997,182.490005,179.309998,180.020004,180.020004,27476795
2024-06-20,181.600006,182.949997,179.369995,182.279999,182.279999,38804361